id_profesor,nombre
Prof_1,Profesor_1
Prof_2,Profesor_2
Prof_3,Profesor_3
Prof_4,Profesor_4
Prof_5,Profesor_5
Prof_6,Profesor_6
Prof_7,Profesor_7
Prof_8,Profesor_8
Prof_9,Profesor_9
Prof_10,Profesor_10
Prof_11,Profesor_11
Prof_12,Profesor_12
Prof_13,Profesor_13
Prof_14,Profesor_14
Prof_15,Profesor_15
Prof_16,Profesor_16
Prof_17,Profesor_17
Prof_18,Profesor_18
Prof_19,Profesor_19
Prof_20,Profesor_20
Prof_21,Profesor_21
Prof_22,Profesor_22
Prof_23,Profesor_23
Prof_24,Profesor_24
Prof_25,Profesor_25
Prof_26,Profesor_26
Prof_27,Profesor_27
Prof_28,Profesor_28
Prof_29,Profesor_29
Prof_30,Profesor_30
Prof_31,Profesor_31
Prof_32,Profesor_32
Prof_33,Profesor_33
Prof_34,Profesor_34
Prof_35,Profesor_35
Prof_36,Profesor_36
Prof_37,Profesor_37
Prof_38,Profesor_38
Prof_39,Profesor_39
Prof_40,Profesor_40
Prof_41,Profesor_41
Prof_42,Profesor_42
Prof_43,Profesor_43
Prof_44,Profesor_44
Prof_45,Profesor_45
Prof_46,Profesor_46
Prof_47,Profesor_47
Prof_48,Profesor_48
Prof_49,Profesor_49
Prof_50,Profesor_50
